kp,ki,Max power rate of G15.02 (max=341.165MW/min),Max power rate of G16.01 (max=686.878MW/min),Max power rate of G17.02 (max=95.200MW/min),Max power rate of G23.01 (max=485.898MW/min),Max power rate of G26.01 (max=356.785MW/min),Exceed max power rate or not?
0.1,0.01,81.6408,154.7483,22.772,109.7246,80.3981,Not Exceed
0.1,0.01,81.7052,154.8611,22.7894,109.8405,80.4825,Not Exceed
0.1,0.01,81.7758,154.9689,22.8045,109.9526,80.5625,Not Exceed
0.1,0.01,81.8531,155.0768,22.8293,110.0527,80.6338,Not Exceed
0.1,0.02,115.8815,223.8894,32.2923,158.805,116.3638,Not Exceed
0.1,0.02,115.6706,224.0938,32.2548,159.0468,116.5423,Not Exceed
0.1,0.02,115.8429,224.2976,32.2795,159.2918,116.7216,Not Exceed
0.1,0.02,116.036,224.494,32.3039,159.4984,116.8717,Not Exceed
0.1,0.03,142.0192,279.4846,39.6019,198.0945,145.3048,Not Exceed
0.1,0.03,158.3011,326.0765,44.1029,231.9881,169.7814,Not Exceed
0.1,0.03,160.5218,330.3525,44.6543,235.2992,172.1738,Not Exceed
0.1,0.03,159.6226,327.9688,44.338,233.735,171.0668,Not Exceed
0.1,0.04,165.0431,327.9034,46.0048,232.2241,170.5229,Not Exceed
0.1,0.04,165.3501,328.2963,46.0569,232.7432,170.92,Not Exceed
0.1,0.04,165.7077,328.6482,46.0964,233.2264,171.2774,Not Exceed
0.1,0.04,166.1059,329.0024,46.1327,233.6451,171.5906,Not Exceed
0.1,0.05,185.6803,371.5543,51.75,262.9567,193.2599,Not Exceed
0.1,0.05,186.0792,372.0464,51.8171,263.6207,193.7701,Not Exceed
0.1,0.05,186.547,372.4851,51.8671,264.2288,194.2214,Not Exceed
0.1,0.05,187.064,372.9265,51.9123,264.7657,194.6257,Not Exceed
0.1,0.06,204.8092,411.901,57.0694,291.1576,214.3008,Not Exceed
0.1,0.06,205.2874,412.4535,57.1423,291.9269,214.8987,Not Exceed
0.1,0.06,205.8379,412.9433,57.1952,292.6414,215.4345,Not Exceed
0.1,0.06,206.4472,413.4331,57.2442,293.2598,215.9066,Not Exceed
0.1,0.07,222.6757,449.4316,62.0262,317.5784,233.8542,Not Exceed
0.1,0.07,223.2151,450.1044,62.0969,318.5145,234.5805,Not Exceed
0.1,0.07,223.8115,450.6896,62.1448,319.3747,235.2258,Not Exceed
0.1,0.07,224.47,451.2939,62.192,320.1192,235.7936,Not Exceed
0.1,0.08,239.5776,484.8183,66.7281,342.4004,252.3032,Not Exceed
0.1,0.08,240.2021,485.5874,66.8076,343.4737,253.138,Not Exceed
0.1,0.08,240.8961,486.2652,66.8648,344.4751,253.8916,Not Exceed
0.1,0.08,241.6592,486.9547,66.9167,345.3262,254.542,Not Exceed
0.2,0.01,74.9192,143.8797,20.9039,102.1973,74.7579,Not Exceed
0.2,0.01,74.9809,143.9856,20.9212,102.3209,74.8475,Not Exceed
0.2,0.01,75.0596,144.0839,20.9362,102.4358,74.9283,Not Exceed
0.2,0.01,75.1508,144.1846,20.95,102.5377,74.9998,Not Exceed
0.2,0.02,105.4086,206.4084,29.3989,146.4896,107.2972,Not Exceed
0.2,0.02,105.5483,206.5991,29.43,146.7455,107.4804,Not Exceed
0.2,0.02,105.7203,206.7867,29.4548,146.9831,107.6471,Not Exceed
0.2,0.02,105.9163,206.977,29.4781,147.1889,107.7909,Not Exceed
0.2,0.03,130.7244,259.1405,36.4421,183.6757,134.7411,Not Exceed
0.2,0.03,130.9404,259.4284,36.4807,184.057,135.0299,Not Exceed
0.2,0.03,131.1965,259.6867,36.51,184.4113,135.2892,Not Exceed
0.2,0.03,131.4845,259.9494,36.5368,184.719,135.5165,Not Exceed
0.2,0.04,153.0698,305.8928,42.6625,216.5621,159.1012,Not Exceed
0.2,0.04,153.3686,306.2635,42.7115,217.0717,159.4912,Not Exceed
0.2,0.04,153.7187,306.5932,42.7478,217.544,159.8409,Not Exceed
0.2,0.04,154.1108,306.9263,42.7807,217.9504,160.1453,Not Exceed
0.2,0.05,194.8156,407.0374,54.264,288.8407,211.8483,Not Exceed
0.2,0.05,197.6407,412.4429,54.9808,293.1593,215.0685,Not Exceed
0.2,0.05,172.2146,347.4728,47.8177,245.8646,181.2669,Not Exceed
0.2,0.05,203.3467,422.5045,56.2747,301.1243,220.9673,Not Exceed
0.2,0.06,192.2553,387.9665,53.5588,274.0597,201.8838,Not Exceed
0.2,0.06,192.7149,388.4698,53.6245,274.8771,202.4508,Not Exceed
0.2,0.06,193.2422,388.9173,53.6719,275.6303,202.9612,Not Exceed
0.2,0.06,193.8215,389.3611,53.7141,276.2706,203.4132,Not Exceed
0.2,0.07,209.9373,425.0405,58.4816,300.0404,221.2258,Not Exceed
0.2,0.07,210.4817,425.6217,58.5549,300.9843,221.8872,Not Exceed
0.2,0.07,211.0979,426.1323,58.6066,301.8562,222.4838,Not Exceed
0.2,0.07,211.7765,426.6395,58.6544,302.6034,223.012,Not Exceed
0.2,0.08,226.7098,459.9208,63.1451,324.7135,239.4097,Not Exceed
0.2,0.08,227.3303,460.6548,63.2254,325.7836,240.2056,Not Exceed
0.2,0.08,228.0215,461.3114,63.2809,326.7778,240.9519,Not Exceed
0.2,0.08,228.7825,461.9894,63.3316,327.6096,241.5876,Not Exceed
0.3,0.01,74.9177,149.0616,20.8897,105.7432,77.5105,Not Exceed
0.3,0.01,74.9915,149.1372,20.9048,105.8954,77.6253,Not Exceed
0.3,0.01,75.092,149.1979,20.9163,106.0332,77.7239,Not Exceed
0.3,0.01,75.2132,149.2634,20.9268,106.1466,77.8054,Not Exceed
0.3,0.02,101.3387,201.7869,28.2568,143.0906,104.9182,Not Exceed
0.3,0.02,101.4825,201.9702,28.2855,143.3611,105.1105,Not Exceed
0.3,0.02,101.6663,202.1322,28.3066,143.6106,105.2911,Not Exceed
0.3,0.02,101.8788,202.2988,28.3255,143.8254,105.448,Not Exceed
0.3,0.03,124.7583,249.9281,34.766,176.9625,129.9889,Not Exceed
0.3,0.03,124.9756,250.1844,34.7999,177.342,130.2792,Not Exceed
0.3,0.03,125.235,250.4094,34.8296,177.6939,130.5382,Not Exceed
0.3,0.03,125.5299,250.6358,34.8575,178.0008,130.7615,Not Exceed
0.3,0.04,145.9625,293.8216,40.6711,207.798,152.8717,Not Exceed
0.3,0.04,146.2573,294.1518,40.713,208.3328,153.2545,Not Exceed
0.3,0.04,146.602,294.4407,40.7424,208.8258,153.5957,Not Exceed
0.3,0.04,146.9897,294.7337,40.7686,209.2446,153.8942,Not Exceed
0.3,0.05,165.5126,334.3465,46.1132,236.4104,173.9809,Not Exceed
0.3,0.05,165.8846,334.7481,46.1637,237.0737,174.454,Not Exceed
0.3,0.05,166.3115,335.1507,46.1985,237.6842,174.901,Not Exceed
0.3,0.05,166.7869,335.5629,46.2291,238.202,175.2905,Not Exceed
0.3,0.06,199.5141,421.2442,55.5403,298.2772,219.3664,Not Exceed
0.3,0.06,202.7356,427.3555,56.3479,303.1986,223.0597,Not Exceed
0.3,0.06,205.9791,433.1123,57.085,307.8626,226.5316,Not Exceed
0.3,0.06,209.2693,438.7083,57.7952,312.2581,229.8169,Not Exceed
0.3,0.07,200.9508,408.5916,55.9712,288.1738,212.6551,Not Exceed
0.3,0.07,201.4981,409.1645,56.0503,289.0313,213.328,Not Exceed
0.3,0.07,202.1268,409.6712,56.1042,289.8354,213.9359,Not Exceed
0.3,0.07,202.823,410.1772,56.1533,290.566,214.4692,Not Exceed
0.3,0.08,217.474,442.5189,60.5536,312.1898,230.3447,Not Exceed
0.3,0.08,218.088,443.2397,60.6291,313.2407,231.1474,Not Exceed
0.3,0.08,218.7738,443.8711,60.6809,314.2112,231.8774,Not Exceed
0.3,0.08,219.5242,444.5166,60.7288,315.0449,232.5163,Not Exceed
0.4,0.01,80.9963,165.259,22.5631,116.663,85.9339,Not Exceed
0.4,0.01,81.0955,165.2886,22.5719,116.8901,86.0803,Not Exceed
0.4,0.01,81.2294,165.2935,22.573,117.0925,86.2147,Not Exceed
0.4,0.01,81.3975,165.3132,22.5709,117.2544,86.3285,Not Exceed
0.4,0.02,102.5116,207.8031,28.5534,146.9032,108.1587,Not Exceed
0.4,0.02,102.6754,207.9245,28.5772,147.1907,108.3709,Not Exceed
0.4,0.02,102.8832,208.0189,28.5911,147.4591,108.5565,Not Exceed
0.4,0.02,103.1286,208.1169,28.6033,147.6774,108.7095,Not Exceed
0.4,0.03,123.3934,249.9793,34.366,176.6759,130.0544,Not Exceed
0.4,0.03,123.6247,250.2003,34.3975,177.0649,130.3548,Not Exceed
0.4,0.03,123.9049,250.3858,34.4182,177.4244,130.6201,Not Exceed
0.4,0.03,124.2284,250.5804,34.4361,177.7299,130.8495,Not Exceed
0.4,0.04,142.9683,290.1489,39.8171,204.9299,150.9778,Not Exceed
0.4,0.04,143.2767,290.4548,39.8597,205.4335,151.3686,Not Exceed
0.4,0.04,143.6433,290.7175,39.8879,205.9027,151.7178,Not Exceed
0.4,0.04,144.0614,290.989,39.9137,206.299,152.0182,Not Exceed
0.4,0.05,161.3775,328.1279,44.9408,231.6734,170.7615,Not Exceed
0.4,0.05,161.7493,328.5342,44.9803,232.3125,171.2572,Not Exceed
0.4,0.05,162.1739,328.884,45.0061,232.9021,171.6968,Not Exceed
0.4,0.05,162.6477,329.246,45.0411,233.4036,172.078,Not Exceed
0.4,0.06,178.8702,364.1637,49.8129,256.9207,189.6156,Not Exceed
0.4,0.06,188.1139,407.7462,52.203,289.3005,213.0039,Not Exceed
0.4,0.06,187.5516,405.1189,51.8958,287.9057,212.165,Not Exceed
0.4,0.06,187.0737,402.8661,51.5605,286.8533,211.3553,Not Exceed
0.4,0.07,215.9415,458.2963,60.0784,323.6036,238.806,Not Exceed
0.4,0.07,219.6425,465.1302,60.9766,329.4591,242.9926,Not Exceed
0.4,0.07,223.3671,471.7937,61.8074,335.052,247.0308,Not Exceed
0.4,0.07,227.1202,478.4586,62.6006,340.2886,250.9569,Not Exceed
0.4,0.08,211.3705,431.7026,58.8676,304.3081,224.8176,Not Exceed
0.4,0.08,211.9773,432.3696,58.9332,305.3221,225.6119,Not Exceed
0.4,0.08,212.651,442.1742,58.9752,313.2053,231.4821,Not Exceed
0.4,0.08,213.385,433.5365,59.012,307.058,226.9353,Not Exceed
0.5,0.01,90.3615,186.3259,25.1719,131.1736,97.1112,Not Exceed
0.5,0.01,90.484,186.3162,25.1741,131.4621,97.3406,Not Exceed
0.5,0.01,90.6603,186.2736,25.1649,131.7106,97.5227,Not Exceed
0.5,0.01,90.8863,186.2455,25.1506,131.8873,97.6545,Not Exceed
0.5,0.02,107.7662,220.9506,29.9838,155.6858,115.1653,Not Exceed
0.5,0.02,107.9456,221.0151,29.9834,155.9901,115.3793,Not Exceed
0.5,0.02,108.1745,221.0603,29.9915,156.2546,115.5508,Not Exceed
0.5,0.02,108.4467,221.1227,29.9959,156.4694,115.6835,Not Exceed
0.5,0.03,125.7813,257.2504,35.0282,181.3148,133.8105,Not Exceed
0.5,0.03,126.0258,257.4508,35.0623,181.7712,134.1666,Not Exceed
0.5,0.03,126.3324,257.6111,35.0811,182.1931,134.4802,Not Exceed
0.5,0.03,126.7054,257.7864,35.0951,182.5459,134.748,Not Exceed
0.5,0.04,143.51,293.2536,39.9678,206.7554,152.5745,Not Exceed
0.5,0.04,143.8347,293.5168,40.0084,207.367,152.9993,Not Exceed
0.5,0.04,144.221,293.7351,40.0322,207.9225,153.3789,Not Exceed
0.5,0.04,144.6637,293.9652,40.0511,208.382,153.7096,Not Exceed
0.5,0.05,160.5724,328.1349,44.7164,231.3659,170.7543,Not Exceed
0.5,0.05,160.9693,328.4693,44.7653,232.0918,171.2845,Not Exceed
0.5,0.05,161.4319,328.7527,44.7952,232.7551,171.7794,Not Exceed
0.5,0.05,161.9551,329.0912,44.8201,233.3087,172.1998,Not Exceed
0.5,0.06,176.9489,361.8994,49.2745,255.0082,188.3505,Not Exceed
0.5,0.06,177.4219,362.314,49.334,255.8647,188.9432,Not Exceed
0.5,0.06,177.9711,362.6742,49.3713,256.6395,189.4994,Not Exceed
0.5,0.06,178.5838,363.0348,49.4032,257.301,190.0029,Not Exceed
0.5,0.07,203.9057,443.2836,56.6918,312.7131,231.0569,Not Exceed
0.5,0.07,193.1967,408.6849,53.7153,289.0558,213.659,Not Exceed
0.5,0.07,195.4908,420.8347,54.0081,298.3249,220.6069,Not Exceed
0.5,0.07,201.5883,432.7595,55.4668,307.2535,227.3259,Not Exceed
0.5,0.08,239.9152,511.6334,66.7232,359.941,266.6934,Not Exceed
0.5,0.08,244.2997,519.704,67.7903,366.6775,271.6752,Not Exceed
0.5,0.08,248.7305,527.3028,68.7667,373.2954,276.3691,Not Exceed
0.5,0.08,253.2099,534.6765,69.7021,379.5097,280.8258,Not Exceed
0.6,0.01,101.0634,209.3237,28.1466,146.8751,109.4619,Not Exceed
0.6,0.01,101.1944,209.0738,28.096,147.0359,109.5924,Not Exceed
0.6,0.01,101.4027,208.7996,28.0343,147.1427,109.6569,Not Exceed
0.6,0.01,101.6862,208.619,27.9707,147.1572,109.657,Not Exceed
0.6,0.02,115.593,238.4078,32.2005,167.7349,124.2134,Not Exceed
0.6,0.02,115.8082,238.4206,32.2162,168.1972,124.5765,Not Exceed
0.6,0.02,116.091,238.4246,32.2142,168.5952,124.8703,Not Exceed
0.6,0.02,116.4414,238.4802,32.2057,168.8854,125.0876,Not Exceed
0.6,0.03,131.1581,269.9729,36.5552,190.072,140.7271,Not Exceed
0.6,0.03,131.4322,270.0919,36.5629,190.5374,141.1271,Not Exceed
0.6,0.03,131.7735,270.1637,36.5525,190.9402,141.4625,Not Exceed
0.6,0.03,132.179,270.2482,36.5374,191.2466,141.7329,Not Exceed
0.6,0.04,146.8587,302.0806,40.9212,212.6565,157.4666,Not Exceed
0.6,0.04,147.1877,302.2839,40.9302,213.1864,157.8861,Not Exceed
0.6,0.04,147.5746,302.4309,40.9217,213.6589,158.2382,Not Exceed
0.6,0.04,148.0263,302.5947,40.9086,214.0296,158.5229,Not Exceed
0.6,0.05,162.4296,333.7529,45.1974,234.786,173.9828,Not Exceed
0.6,0.05,162.843,334.0143,45.2252,235.3917,174.466,Not Exceed
0.6,0.05,163.332,334.2163,45.2345,235.962,174.8795,Not Exceed
0.6,0.05,163.8918,334.43,45.242,236.4826,175.2249,Not Exceed
0.6,0.06,177.6864,364.7671,49.4418,256.6534,190.154,Not Exceed
0.6,0.06,178.1669,365.1066,49.4763,257.4429,190.7098,Not Exceed
0.6,0.06,178.7277,365.4676,49.4919,258.1687,191.1899,Not Exceed
0.6,0.06,179.3541,365.8465,49.5024,258.7737,191.598,Not Exceed
0.6,0.07,192.5221,395.2393,53.5706,278.0723,205.9898,Not Exceed
0.6,0.07,193.0754,395.7506,53.6125,278.9719,206.6185,Not Exceed
0.6,0.07,193.711,396.1851,53.6326,279.8014,207.1636,Not Exceed
0.6,0.07,194.4147,396.6418,53.6498,280.5002,207.6682,Not Exceed
0.6,0.08,206.9383,428.7408,57.584,301.1255,223.5738,Not Exceed
0.6,0.08,207.5703,435.8228,57.6345,306.8825,227.9677,Not Exceed
0.6,0.08,208.2862,442.4975,57.6614,312.6097,232.1111,Not Exceed
0.6,0.08,212.2163,448.9947,58.3543,318.0763,236.0443,Not Exceed
0.7,0.01,112.4181,233.4171,31.376,163.6888,122.2663,Not Exceed
0.7,0.01,112.5225,233.1811,31.3729,164.1586,122.6359,Not Exceed
0.7,0.01,112.7368,232.9158,31.3511,164.531,122.9021,Not Exceed
0.7,0.01,113.0817,232.6916,31.3161,164.7364,123.0502,Not Exceed
0.7,0.02,124.906,258.5902,34.7889,181.3915,135.2256,Not Exceed
0.7,0.02,125.1203,258.375,34.7367,181.6541,135.4393,Not Exceed
0.7,0.02,125.4245,258.1261,34.6709,181.8573,135.577,Not Exceed
0.7,0.02,125.8228,258.0238,34.6023,181.9405,135.6314,Not Exceed
0.7,0.03,138.4142,285.7162,38.4177,200.3007,148.6821,Not Exceed
0.7,0.03,138.709,285.8362,38.4406,200.9119,149.1242,Not Exceed
0.7,0.03,139.0888,285.9079,38.4516,201.4712,149.5423,Not Exceed
0.7,0.03,139.5534,286.0188,38.4543,201.9255,149.8892,Not Exceed
0.7,0.04,152.3315,314.3328,42.4304,220.9127,163.7038,Not Exceed
0.7,0.04,152.7072,314.4941,42.4671,221.6515,164.2844,Not Exceed
0.7,0.04,153.1714,314.6088,42.48,222.3039,164.7711,Not Exceed
0.7,0.04,153.7179,314.7498,42.4844,222.8113,165.156,Not Exceed
0.7,0.05,166.5726,343.3798,46.3895,241.3858,179.0067,Not Exceed
0.7,0.05,167.0041,343.6983,46.4287,242.1986,179.6494,Not Exceed
0.7,0.05,167.5148,343.9434,46.4435,242.9213,180.1945,Not Exceed
0.7,0.05,168.1033,344.209,46.4506,243.4975,180.6394,Not Exceed
0.7,0.06,180.5748,372.235,50.2817,261.526,194.0567,Not Exceed
0.7,0.06,181.0638,372.6164,50.3246,262.4163,194.7656,Not Exceed
0.7,0.06,181.6276,372.9227,50.3424,263.2098,195.3686,Not Exceed
0.7,0.06,182.2597,373.2376,50.3521,263.8639,195.8796,Not Exceed
0.7,0.07,194.3376,400.6066,54.1088,281.3369,208.8577,Not Exceed
0.7,0.07,194.8878,401.053,54.1553,282.3077,209.6336,Not Exceed
0.7,0.07,195.5074,401.4191,54.1757,283.1825,210.3025,Not Exceed
0.7,0.07,196.1991,401.7933,54.1896,283.9135,210.8783,Not Exceed
0.7,0.08,221.2772,484.7037,61.4624,339.3522,252.8925,Not Exceed
0.7,0.08,211.7098,460.9168,58.6577,324.4307,241.317,Not Exceed
0.7,0.08,222.5016,482.5306,61.3632,340.7593,253.4209,Not Exceed
0.7,0.08,233.261,504.1199,63.9929,356.5667,265.408,Not Exceed
0.8,0.01,123.9535,257.446,34.6057,180.6598,134.8815,Not Exceed
0.8,0.01,124.0974,257.2307,34.6145,181.2753,135.359,Not Exceed
0.8,0.01,124.3532,256.962,34.5954,181.7597,135.7025,Not Exceed
0.8,0.01,124.7383,256.7611,34.5638,182.0376,135.8975,Not Exceed
0.8,0.02,135.0784,280.307,37.6952,196.5765,146.8073,Not Exceed
0.8,0.02,135.2648,280.1154,37.699,197.1124,147.2933,Not Exceed
0.8,0.02,135.6037,279.8783,37.6787,197.6117,147.6571,Not Exceed
0.8,0.02,136.0608,279.6912,37.6451,197.9232,147.89,Not Exceed
0.8,0.03,147.078,304.7701,41.0111,213.7793,159.3762,Not Exceed
0.8,0.03,147.3424,304.6163,40.9633,214.187,159.704,Not Exceed
0.8,0.03,147.6949,304.413,40.8963,214.511,159.931,Not Exceed
0.8,0.03,148.1474,304.2623,40.8265,214.692,160.0602,Not Exceed
0.8,0.04,159.5726,329.8586,44.3344,230.8834,172.2184,Not Exceed
0.8,0.04,159.93,329.8975,44.2832,231.4401,172.5698,Not Exceed
0.8,0.04,160.3834,329.8905,44.2201,231.9539,172.8282,Not Exceed
0.8,0.04,160.9377,329.9429,44.1969,232.3859,172.9982,Not Exceed
0.8,0.05,172.202,355.8751,47.7959,249.1119,185.306,Not Exceed
0.8,0.05,172.6233,355.9514,47.8366,250.0228,185.7883,Not Exceed
0.8,0.05,173.1953,355.9884,47.8559,250.8567,186.2703,Not Exceed
0.8,0.05,173.8724,356.2005,47.8731,251.542,186.7956,Not Exceed
0.8,0.06,185.1987,382.2377,51.4194,267.8411,198.9431,Not Exceed
0.8,0.06,185.7158,382.6031,51.462,268.8157,199.7179,Not Exceed
0.8,0.06,186.3348,382.9004,51.4837,269.7123,200.3976,Not Exceed
0.8,0.06,187.047,383.2313,51.5029,270.4698,200.9853,Not Exceed
0.8,0.07,198.0623,408.7515,54.9942,286.327,212.7763,Not Exceed
0.8,0.07,198.6376,409.1823,55.0402,287.3729,213.6133,Not Exceed
0.8,0.07,199.3047,409.5376,55.0729,288.387,214.3528,Not Exceed
0.8,0.07,200.0582,409.9208,55.1037,289.2484,215.0011,Not Exceed
0.8,0.08,210.7531,434.9218,58.5439,304.717,226.4324,Not Exceed
0.8,0.08,222.9081,488.1256,61.711,342.8321,255.7069,Not Exceed
0.8,0.08,231.2438,504.7179,63.691,355.1353,265.3169,Not Exceed
0.8,0.08,230.0029,500.1755,63.0237,353.0265,263.6421,Not Exceed
0.9,0.01,135.7206,281.4657,37.7699,196.7008,146.7918,Not Exceed
0.9,0.01,135.7883,281.1848,37.673,197.4701,147.3823,Not Exceed
0.9,0.01,135.9844,280.891,37.6593,198.0788,147.8112,Not Exceed
0.9,0.01,136.35,280.7132,37.631,198.4379,148.1599,Not Exceed
0.9,0.02,145.7383,302.5521,40.6832,212.2484,158.4963,Not Exceed
0.9,0.02,145.9594,302.3927,40.7008,213.0252,159.1019,Not Exceed
0.9,0.02,146.3037,302.169,40.6863,213.6548,159.5557,Not Exceed
0.9,0.02,146.7895,302.0183,40.6576,214.0481,159.8416,Not Exceed
0.9,0.03,156.5992,324.8762,43.6997,227.7204,170.1432,Not Exceed
0.9,0.03,156.8546,324.7473,43.7137,228.5074,170.766,Not Exceed
0.9,0.03,157.2069,324.5603,43.6986,229.1598,171.246,Not Exceed
0.9,0.03,157.681,324.4329,43.6697,229.5884,171.5704,Not Exceed
0.9,0.04,167.8973,347.9046,46.8208,244.0783,181.9441,Not Exceed
0.9,0.04,168.2622,347.8359,46.7819,244.6658,182.4101,Not Exceed
0.9,0.04,168.739,347.6983,46.717,245.1415,182.882,Not Exceed
0.9,0.04,169.3387,347.6264,46.6673,245.4379,183.246,Not Exceed
0.9,0.05,179.4818,371.7486,50.0396,260.6366,194.3853,Not Exceed
0.9,0.05,179.8877,371.7198,49.9998,261.2621,194.8887,Not Exceed
0.9,0.05,180.3874,371.6252,49.9351,261.7784,195.2656,Not Exceed
0.9,0.05,180.9942,371.5859,49.8674,262.1213,195.5253,Not Exceed
0.9,0.06,191.2004,395.4232,53.2363,277.0856,206.7429,Not Exceed
0.9,0.06,191.7251,395.4367,53.1951,277.7457,207.281,Not Exceed
0.9,0.06,192.3743,395.582,53.1308,278.305,207.6982,Not Exceed
0.9,0.06,193.1387,395.7959,53.0637,278.8645,208.0053,Not Exceed
0.9,0.07,203.1983,419.9351,56.4103,293.8523,219.0136,Not Exceed
0.9,0.07,203.7763,420.2104,56.4007,294.7493,219.5882,Not Exceed
0.9,0.07,204.4663,420.4151,56.3758,295.5789,220.0481,Not Exceed
0.9,0.07,205.2604,420.6773,56.3552,296.2593,220.5762,Not Exceed
0.9,0.08,215.0718,444.4184,59.709,310.9006,231.4847,Not Exceed
0.9,0.08,215.7078,444.7472,59.704,311.8556,232.2547,Not Exceed
0.9,0.08,216.4407,445.0081,59.681,312.7505,232.9341,Not Exceed
0.9,0.08,217.2679,445.3195,59.6668,313.7307,233.5192,Not Exceed
1.0,0.01,147.5087,305.8933,41.3789,213.307,160.1857,Not Exceed
1.0,0.01,147.427,305.2344,41.2184,213.3243,160.2328,Not Exceed
1.0,0.01,147.5118,304.5876,40.9948,214.1942,160.2591,Not Exceed
1.0,0.01,147.8483,304.2535,40.7627,214.8658,160.6939,Not Exceed
1.0,0.02,156.7367,324.9128,43.4894,227.0779,169.488,Not Exceed
1.0,0.02,156.8703,324.6825,43.5227,228.0318,170.2229,Not Exceed
1.0,0.02,157.1393,324.433,43.5153,228.8022,170.7738,Not Exceed
1.0,0.02,157.5888,324.3076,43.4917,229.2867,171.1636,Not Exceed
1.0,0.03,166.4329,345.355,46.4475,242.2558,180.9107,Not Exceed
1.0,0.03,166.7038,345.2743,46.479,243.2316,181.6722,Not Exceed
1.0,0.03,167.1551,345.1118,46.4715,244.0306,182.2535,Not Exceed
1.0,0.03,167.7664,345.0322,46.4482,244.5547,182.6399,Not Exceed
1.0,0.04,176.9931,367.1508,49.3927,257.3656,192.2832,Not Exceed
1.0,0.04,177.3407,367.1025,49.4206,258.3582,193.066,Not Exceed
1.0,0.04,177.806,366.9817,49.4132,259.1885,193.6792,Not Exceed
1.0,0.04,178.4124,366.9315,49.3903,259.7533,194.1078,Not Exceed
1.0,0.05,187.5379,388.8324,52.3219,272.3983,203.5961,Not Exceed
1.0,0.05,187.9244,388.8224,52.3476,273.4128,204.4044,Not Exceed
1.0,0.05,188.4071,388.7481,52.3401,274.2668,205.0446,Not Exceed
1.0,0.05,189.1174,388.7254,52.318,274.8824,205.5229,Not Exceed
1.0,0.06,198.4586,411.1266,55.3408,288.3661,215.0032,Not Exceed
1.0,0.06,198.9811,411.2116,55.3148,289.2076,215.6872,Not Exceed
1.0,0.06,199.6364,411.2087,55.2551,289.9048,216.3621,Not Exceed
1.0,0.06,200.4226,411.276,55.2312,290.3964,216.8849,Not Exceed
1.0,0.07,209.586,434.0483,58.4364,304.3081,226.9761,Not Exceed
1.0,0.07,210.1595,434.1832,58.4093,305.1875,227.6819,Not Exceed
1.0,0.07,210.8465,434.2313,58.3507,305.9361,228.2349,Not Exceed
1.0,0.07,211.6507,434.3406,58.2905,306.4832,228.6553,Not Exceed
1.0,0.08,220.6332,456.8022,61.5081,320.1275,238.8558,Not Exceed
1.0,0.08,221.2562,456.99,61.4816,321.0571,239.608,Not Exceed
1.0,0.08,221.977,457.09,61.424,321.8581,240.2082,Not Exceed
1.0,0.08,222.8016,457.2433,61.3656,322.4629,240.6813,Not Exceed
1.1,0.01,159.2671,331.0458,45.0493,231.5825,173.8805,Not Exceed
1.1,0.01,159.205,330.0267,44.9291,231.6676,173.9801,Not Exceed
1.1,0.01,159.3463,328.9894,44.6654,231.6942,174.3833,Not Exceed
1.1,0.01,159.7676,328.5021,44.2874,232.0035,174.9857,Not Exceed
1.1,0.02,167.8091,347.8376,46.9697,242.0007,181.7603,Not Exceed
1.1,0.02,167.7761,347.1907,46.7943,242.8114,181.8475,Not Exceed
1.1,0.02,167.9141,346.6469,46.5511,243.8768,182.4166,Not Exceed
1.1,0.02,168.4732,346.5644,46.437,244.6937,183.0445,Not Exceed
1.1,0.03,176.9299,366.6914,49.0195,255.8876,190.9952,Not Exceed
1.1,0.03,177.1393,366.5231,49.0667,257.0597,191.8986,Not Exceed
1.1,0.03,177.4969,366.3318,49.068,258.0158,192.6767,Not Exceed
1.1,0.03,178.0511,366.2758,49.084,258.6429,193.3419,Not Exceed
1.1,0.04,186.4521,386.233,51.9039,270.7054,202.1452,Not Exceed
1.1,0.04,186.6949,386.1009,51.9522,271.9069,203.0795,Not Exceed
1.1,0.04,187.0624,385.9566,51.9538,272.8907,203.7984,Not Exceed
1.1,0.04,187.678,385.9228,51.9382,273.5709,204.3027,Not Exceed
1.1,0.05,196.2687,407.148,54.7773,285.4563,213.244,Not Exceed
1.1,0.05,196.7217,407.2033,54.823,286.6815,214.2051,Not Exceed
1.1,0.05,197.3204,407.1679,54.8254,287.7035,214.9611,Not Exceed
1.1,0.05,198.08,407.21,54.8108,288.4301,215.5116,Not Exceed
1.1,0.06,206.5537,428.2948,57.6333,300.1258,224.2789,Not Exceed
1.1,0.06,207.05,428.3986,57.6774,301.3747,225.2688,Not Exceed
1.1,0.06,207.6692,428.4137,57.6824,302.4456,226.0699,Not Exceed
1.1,0.06,208.4322,428.4923,57.669,303.22,226.6676,Not Exceed
1.1,0.07,216.7846,449.3383,60.4758,314.7229,235.2601,Not Exceed
1.1,0.07,217.3239,449.49,60.5207,316.014,236.2911,Not Exceed
1.1,0.07,217.9676,449.5509,60.524,317.1171,237.1246,Not Exceed
1.1,0.07,218.7346,449.6697,60.5129,317.941,237.7712,Not Exceed
1.1,0.08,226.96,470.276,63.3049,329.4876,246.1891,Not Exceed
1.1,0.08,227.5458,470.4721,63.3476,330.6405,247.2512,Not Exceed
1.1,0.08,228.3188,470.5857,63.3546,331.7313,248.1355,Not Exceed
1.1,0.08,229.3405,470.7423,63.3425,332.5929,248.8219,Not Exceed
1.2,0.01,171.3002,356.5467,48.7285,249.5001,187.3017,Not Exceed
1.2,0.01,171.2336,355.4803,48.6045,249.8123,187.8828,Not Exceed
1.2,0.01,171.4524,354.3252,48.3191,250.5984,188.7002,Not Exceed
1.2,0.01,172.1761,353.2772,47.9093,251.1147,189.3784,Not Exceed
1.2,0.02,179.105,371.537,50.4238,259.8436,195.1245,Not Exceed
1.2,0.02,179.0985,370.6909,50.2943,259.9839,195.2781,Not Exceed
1.2,0.02,179.303,370.0361,50.0094,260.0628,195.3961,Not Exceed
1.2,0.02,179.8022,369.5784,49.6632,260.0084,195.8781,Not Exceed
1.2,0.03,187.5364,388.6234,52.4574,270.1781,202.941,Not Exceed
1.2,0.03,187.5614,387.9977,52.269,271.2078,203.0806,Not Exceed
1.2,0.03,187.766,387.3838,52.0071,272.4697,203.8201,Not Exceed
1.2,0.03,188.3252,387.2573,51.8923,273.4449,204.5735,Not Exceed
1.2,0.04,196.3069,406.795,54.4896,283.156,211.8493,Not Exceed
1.2,0.04,196.6011,406.7184,54.4138,284.5701,212.9413,Not Exceed
1.2,0.04,197.0657,406.6045,54.4599,285.8308,213.9086,Not Exceed
1.2,0.04,197.7414,406.6276,54.4929,286.8393,214.6993,Not Exceed
1.2,0.05,205.6538,425.9842,57.0551,297.6215,222.2121,Not Exceed
1.2,0.05,205.9854,425.946,57.1235,299.0673,223.336,Not Exceed
1.2,0.05,206.4611,425.8784,57.1348,300.2622,224.2101,Not Exceed
1.2,0.05,207.1272,425.9337,57.1306,301.1109,224.8405,Not Exceed
1.2,0.06,214.9658,445.1076,59.8571,312.0119,233.0371,Not Exceed
1.2,0.06,215.3376,445.1083,59.9238,313.4916,234.1952,Not Exceed
1.2,0.06,215.8254,445.1284,59.9366,314.7322,235.1115,Not Exceed
1.2,0.06,216.6938,445.289,59.9341,315.6327,235.7921,Not Exceed
1.2,0.07,224.4669,465.5231,62.6437,326.3283,243.805,Not Exceed
1.2,0.07,225.0819,465.7504,62.7098,327.8446,244.9997,Not Exceed
1.2,0.07,225.8566,465.861,62.7263,329.1451,245.9692,Not Exceed
1.2,0.07,226.804,466.063,62.7233,330.0856,246.6911,Not Exceed
1.2,0.08,234.4402,486.0427,65.4151,340.5683,254.5146,Not Exceed
1.2,0.08,235.1024,486.3225,65.4813,342.1258,255.7498,Not Exceed
1.2,0.08,235.9018,486.4802,65.497,343.4738,256.7635,Not Exceed
1.2,0.08,236.8645,486.7326,65.4982,344.4698,257.5375,Not Exceed
1.3,0.01,183.2709,381.5352,52.3688,267.5231,200.9199,Not Exceed
1.3,0.01,183.2363,380.4231,52.2371,268.5366,201.9421,Not Exceed
1.3,0.01,184.0439,379.2031,51.9274,269.4217,202.8514,Not Exceed
1.3,0.01,185.0929,378.1144,51.4888,270.0269,203.6185,Not Exceed
1.3,0.02,190.5519,396.4157,54.0562,277.3396,208.2253,Not Exceed
1.3,0.02,190.5382,395.3377,53.9192,277.5716,208.4488,Not Exceed
1.3,0.02,190.8192,394.1618,53.6101,277.9083,209.3038,Not Exceed
1.3,0.02,191.4691,393.0971,53.1733,278.5251,210.0916,Not Exceed
1.3,0.03,198.3737,411.2758,55.8241,287.5947,215.9805,Not Exceed
1.3,0.03,198.4301,410.574,55.6313,287.803,216.1966,Not Exceed
1.3,0.03,198.714,409.9542,55.3532,287.9496,216.3773,Not Exceed
1.3,0.03,199.3049,409.5348,55.0145,287.9268,216.5606,Not Exceed
1.3,0.04,206.697,428.2389,57.8418,297.8355,223.7259,Not Exceed
1.3,0.04,206.7853,427.6611,57.643,298.5002,223.9344,Not Exceed
1.3,0.04,207.0725,427.085,57.364,299.966,224.3887,Not Exceed
1.3,0.04,207.6415,426.6933,57.13,301.1259,225.286,Not Exceed
1.3,0.05,214.9996,445.2579,59.8562,309.9631,231.9039,Not Exceed
1.3,0.05,215.262,445.2793,59.6518,311.6003,233.1767,Not Exceed
1.3,0.05,215.8423,445.2407,59.6336,313.0922,234.2985,Not Exceed
1.3,0.05,216.6649,445.3737,59.6844,314.2966,235.2409,Not Exceed
1.3,0.06,224.0449,464.094,62.0331,323.0049,241.7238,Not Exceed
1.3,0.06,224.4739,464.1571,62.1243,324.7307,243.0225,Not Exceed
1.3,0.06,225.072,464.171,62.178,326.1778,244.1767,Not Exceed
1.3,0.06,225.8898,464.3404,62.2299,327.4238,245.1624,Not Exceed
1.3,0.07,233.1854,482.8635,64.6342,337.0372,251.6703,Not Exceed
1.3,0.07,233.6575,482.9758,64.7263,338.8047,253.0478,Not Exceed
1.3,0.07,234.2704,483.0362,64.7541,340.3057,254.1556,Not Exceed
1.3,0.07,235.0845,483.2432,64.7666,341.3744,255.0528,Not Exceed
1.3,0.08,242.2928,501.5659,67.3498,350.9955,262.1662,Not Exceed
1.3,0.08,242.8068,501.7249,67.4426,352.8107,263.5882,Not Exceed
1.3,0.08,243.4375,501.8379,67.4735,354.3652,264.7449,Not Exceed
1.3,0.08,244.2475,502.0806,67.4842,355.494,265.6042,Not Exceed
1.4,0.01,195.2007,406.0045,55.9624,285.8955,214.6923,Not Exceed
1.4,0.01,195.7779,404.8549,55.8264,287.0496,215.8396,Not Exceed
1.4,0.01,196.6893,403.5825,55.4992,288.0698,216.868,Not Exceed
1.4,0.01,197.8657,402.4528,55.0261,288.7402,217.7061,Not Exceed
1.4,0.02,202.2133,420.7792,57.6419,294.4834,221.1291,Not Exceed
1.4,0.02,202.2295,419.662,57.5008,295.512,222.2624,Not Exceed
1.4,0.02,202.7739,418.4347,57.1742,296.5207,223.2927,Not Exceed
1.4,0.02,203.9085,417.3315,56.703,297.2038,224.1527,Not Exceed
1.4,0.03,209.4282,435.5317,59.3189,304.6694,228.7613,Not Exceed
1.4,0.03,209.4778,434.4493,59.174,304.9787,229.0526,Not Exceed
1.4,0.03,209.8274,433.268,58.8501,305.1981,229.7141,Not Exceed
1.4,0.03,210.5645,432.1918,58.3793,305.6649,230.5974,Not Exceed
1.4,0.04,217.0742,450.262,61.126,314.8365,236.4494,Not Exceed
1.4,0.04,217.2029,449.3184,60.9217,315.1256,236.7358,Not Exceed
1.4,0.04,217.5764,448.7403,60.6273,315.3529,236.989,Not Exceed
1.4,0.04,218.2774,448.3762,60.2676,315.3929,237.1919,Not Exceed
1.4,0.05,225.2863,466.7136,63.1256,324.9897,244.1269,Not Exceed
1.4,0.05,225.451,466.1856,62.916,325.2594,244.4089,Not Exceed
1.4,0.05,225.831,465.6552,62.6207,326.3907,244.6717,Not Exceed
1.4,0.05,226.5137,465.322,62.261,327.7421,245.1859,Not Exceed
1.4,0.06,233.4794,483.5034,65.1223,335.6575,251.7937,Not Exceed
1.4,0.06,233.6803,483.0166,64.9078,337.5633,252.5804,Not Exceed
1.4,0.06,234.0674,482.5328,64.6111,339.2935,253.8806,Not Exceed
1.4,0.06,234.826,482.5234,64.6595,340.6902,254.9708,Not Exceed
1.4,0.07,241.6514,500.5715,67.1155,348.4567,260.7417,Not Exceed
1.4,0.07,242.1712,500.7545,67.0254,350.3871,262.2513,Not Exceed
1.4,0.07,242.9065,500.8657,67.0959,352.1658,263.5953,Not Exceed
1.4,0.07,243.8905,501.1529,67.1593,353.5965,264.7237,Not Exceed
1.4,0.08,250.5995,518.9912,69.4009,361.2097,270.3479,Not Exceed
1.4,0.08,251.1836,519.2241,69.5137,363.167,271.8875,Not Exceed
1.4,0.08,251.9397,519.3891,69.5852,364.9834,273.2693,Not Exceed
1.4,0.08,252.925,519.7181,69.6502,366.4613,274.4447,Not Exceed
1.5,0.01,207.5189,431.2009,59.5111,304.0473,228.2947,Not Exceed
1.5,0.01,208.24,430.1328,59.3728,305.353,229.5767,Not Exceed
1.5,0.01,209.8369,428.7482,59.0248,306.4994,230.7172,Not Exceed
1.5,0.01,210.8802,427.3049,58.5217,307.2584,231.6441,Not Exceed
1.5,0.02,213.6191,444.6263,61.1827,312.503,234.7015,Not Exceed
1.5,0.02,214.2357,443.4779,61.0395,313.7781,235.9709,Not Exceed
1.5,0.02,215.2409,442.2006,60.6921,314.9145,237.1145,Not Exceed
1.5,0.02,216.5118,441.0689,60.1911,315.6874,238.0642,Not Exceed
1.5,0.03,220.7822,459.2677,62.853,321.3902,241.2707,Not Exceed
1.5,0.03,220.8667,458.1579,62.7049,322.1973,242.3606,Not Exceed
1.5,0.03,221.2985,456.9278,62.3582,323.3239,243.5074,Not Exceed
1.5,0.03,222.5255,455.8248,61.8593,324.1109,244.4801,Not Exceed
1.5,0.04,227.9352,473.8887,64.5221,331.4832,248.9022,Not Exceed
1.5,0.04,228.0529,472.818,64.3691,331.8911,249.2785,Not Exceed
1.5,0.04,228.4851,471.6388,64.0231,332.2095,249.8959,Not Exceed
1.5,0.04,229.3193,470.5617,63.5263,332.5289,250.8918,Not Exceed
1.5,0.05,235.2081,488.484,66.3233,341.5629,256.5221,Not Exceed
1.5,0.05,235.4199,487.4583,66.1119,341.9535,256.8972,Not Exceed
1.5,0.05,235.8923,486.3959,65.8011,342.2742,257.2323,Not Exceed
1.5,0.05,236.7232,486.1069,65.4213,342.3865,257.5089,Not Exceed
1.5,0.06,243.3109,504.0411,68.3053,351.628,264.1324,Not Exceed
1.5,0.06,243.561,503.5793,68.0889,352.003,264.5059,Not Exceed
1.5,0.06,244.0431,503.0952,67.7774,352.3249,264.8526,Not Exceed
1.5,0.06,244.8594,502.8406,67.3978,353.3031,265.158,Not Exceed
1.5,0.07,251.3948,520.6094,70.2845,361.6795,271.7322,Not Exceed
1.5,0.07,251.6834,520.1916,70.063,362.4412,272.1044,Not Exceed
1.5,0.07,252.1762,519.7573,69.751,364.4405,272.6582,Not Exceed
1.5,0.07,252.9785,519.5376,69.421,366.0299,273.8966,Not Exceed
1.5,0.08,259.4595,537.1389,72.2609,372.8095,279.3215,Not Exceed
1.5,0.08,259.7876,536.7661,72.0346,375.0346,280.6511,Not Exceed
1.5,0.08,260.2913,536.3822,71.7957,377.0757,282.1927,Not Exceed
1.5,0.08,261.133,536.3834,71.873,378.7043,283.4732,Not Exceed
1.6,0.01,219.6777,456.5086,63.0176,321.9843,241.7342,Not Exceed
1.6,0.01,221.1714,455.409,62.8763,323.4469,243.1535,Not Exceed
1.6,0.01,222.9072,453.9633,62.5081,324.7261,244.4111,Not Exceed
1.6,0.01,224.0567,452.463,61.9746,325.5751,245.4276,Not Exceed
1.6,0.02,225.6916,468.7475,64.6813,330.4004,248.111,Not Exceed
1.6,0.02,226.4397,467.69,64.5353,331.8347,249.5192,Not Exceed
1.6,0.02,227.7174,466.297,64.1679,333.1055,250.781,Not Exceed
1.6,0.02,228.9724,464.8291,63.6365,333.9696,251.8212,Not Exceed
1.6,0.03,231.8845,482.4857,66.3437,338.8102,254.4829,Not Exceed
1.6,0.03,232.4792,481.3596,66.193,340.2165,255.8802,Not Exceed
1.6,0.03,233.5896,480.0847,65.8263,341.4792,257.1465,Not Exceed
1.6,0.03,234.9611,478.9609,65.2972,342.3584,258.2106,Not Exceed
1.6,0.04,238.9844,496.9984,68.0035,347.7874,261.0926,Not Exceed
1.6,0.04,239.1412,495.9126,67.8494,348.5922,262.2367,Not Exceed
1.6,0.04,239.6623,494.687,67.4836,349.8472,263.5076,Not Exceed
1.6,0.04,240.9459,493.5943,66.9567,350.7419,264.5958,Not Exceed
1.6,0.05,246.0738,511.4899,69.6634,357.7927,268.657,Not Exceed
1.6,0.05,246.2648,510.4499,69.5046,358.3095,269.1276,Not Exceed
1.6,0.05,246.7878,509.2698,69.1396,358.7327,269.8644,Not Exceed
1.6,0.05,247.7332,508.2086,68.615,359.1199,270.9768,Not Exceed
1.6,0.06,253.1533,525.9612,71.4205,367.784,276.2109,Not Exceed
1.6,0.06,253.3799,524.9584,71.2017,368.2881,276.6819,Not Exceed
1.6,0.06,253.904,523.8333,70.8761,368.7149,277.108,Not Exceed
1.6,0.06,254.822,522.8041,70.4772,368.9101,277.4658,Not Exceed
1.6,0.07,260.7756,540.4123,73.385,377.7623,283.7543,Not Exceed
1.6,0.07,261.1178,539.8455,73.1615,378.2533,284.2262,Not Exceed
1.6,0.07,261.7184,539.425,72.8353,378.6845,284.6662,Not Exceed
1.6,0.07,262.679,539.2528,72.4369,378.9026,285.0542,Not Exceed
1.6,0.08,268.7507,556.5764,75.3466,387.7262,291.287,Not Exceed
1.6,0.08,269.134,556.2403,75.1185,388.2053,291.7605,Not Exceed
1.6,0.08,269.7482,555.8725,74.7919,388.6415,292.2148,Not Exceed
1.6,0.08,270.6984,555.7385,74.394,390.3241,292.6334,Not Exceed
1.7,0.01,231.9064,481.4916,66.4791,339.7,255.0043,Not Exceed
1.7,0.01,234.0217,480.3693,66.3371,341.3315,256.5702,Not Exceed
1.7,0.01,235.9002,478.8655,65.949,342.75,257.9495,Not Exceed
1.7,0.01,237.1596,477.3132,65.3855,343.6939,259.0593,Not Exceed
1.7,0.02,237.6654,493.6727,68.135,348.0772,261.3511,Not Exceed
1.7,0.02,238.8399,492.5939,67.9883,349.682,262.9073,Not Exceed
1.7,0.02,240.6991,491.1439,67.6011,351.0937,264.292,Not Exceed
1.7,0.02,241.9021,489.6253,67.0399,352.0538,265.4264,Not Exceed
1.7,0.03,243.6462,505.8443,69.7895,356.4479,267.693,Not Exceed
1.7,0.03,244.5015,504.8093,69.6383,358.0265,269.2399,Not Exceed
1.7,0.03,245.7318,503.4134,69.2519,359.4317,270.6302,Not Exceed
1.7,0.03,247.2535,501.9288,68.6931,360.4082,271.7893,Not Exceed
1.7,0.04,249.7801,519.6008,71.4444,364.8166,274.034,Not Exceed
1.7,0.04,250.509,518.5014,71.2871,366.365,275.5679,Not Exceed
1.7,0.04,251.7324,517.2393,70.9016,367.7639,276.964,Not Exceed
1.7,0.04,253.2132,516.1333,70.3451,368.757,278.148,Not Exceed
1.7,0.05,256.8161,533.9836,73.0964,373.6664,280.52,Not Exceed
1.7,0.05,257.0538,532.9278,72.9346,374.6974,281.8912,Not Exceed
1.7,0.05,257.7288,531.7169,72.55,376.0905,283.2935,Not Exceed
1.7,0.05,259.1689,530.6443,71.9959,377.1004,284.5026,Not Exceed
1.7,0.06,263.8418,548.346,74.747,383.5841,288.0175,Not Exceed
1.7,0.06,264.1161,547.3345,74.5809,384.2365,288.601,Not Exceed
1.7,0.06,264.7406,546.1752,74.1972,384.7767,289.6186,Not Exceed
1.7,0.06,265.8088,545.1364,73.6454,385.4384,290.8529,Not Exceed
1.7,0.07,270.8577,562.6882,76.4146,393.4879,295.5045,Not Exceed
1.7,0.07,271.1687,561.7214,76.2259,394.1307,296.091,Not Exceed
1.7,0.07,271.7971,560.6142,75.8523,394.6778,296.6183,Not Exceed
1.7,0.07,272.8405,559.6096,75.4352,394.9647,297.199,Not Exceed
1.7,0.08,277.8635,577.0101,78.3614,403.3779,302.981,Not Exceed
1.7,0.08,278.2117,576.0885,78.1345,404.0119,303.5711,Not Exceed
1.7,0.08,278.856,575.0338,77.7946,404.5663,304.1145,Not Exceed
1.7,0.08,279.9775,574.567,77.3781,404.8783,304.5917,Not Exceed
1.8,0.01,244.522,506.1616,69.9002,357.2075,268.1161,Not Exceed
1.8,0.01,246.7911,505.0138,69.7551,359.0072,269.8271,Not Exceed
1.8,0.01,248.8159,503.4555,69.3474,360.5715,271.3329,Not Exceed
1.8,0.01,250.1892,501.856,68.7543,361.6149,272.5393,Not Exceed
1.8,0.02,249.4778,518.2849,71.5482,365.5455,274.433,Not Exceed
1.8,0.02,251.5973,517.1819,71.3987,367.3205,276.1358,Not Exceed
1.8,0.02,253.6034,515.6787,70.9919,368.8796,277.6481,Not Exceed
1.8,0.02,254.9211,514.1141,70.4013,369.9402,278.8799,Not Exceed
1.8,0.03,255.4302,530.3988,73.1949,373.8772,280.745,Not Exceed
1.8,0.03,256.4017,529.341,73.041,375.6277,282.4398,Not Exceed
1.8,0.03,258.3894,527.8929,72.6352,377.1819,283.959,Not Exceed
1.8,0.03,259.6516,526.3635,72.047,378.2601,285.2164,Not Exceed
1.8,0.04,261.378,542.5033,74.8403,382.2025,287.0521,Not Exceed
1.8,0.04,262.3497,541.4909,74.6821,383.9289,288.7392,Not Exceed
1.8,0.04,263.6994,540.0984,74.2772,385.4785,290.2655,Not Exceed
1.8,0.04,265.3374,538.6044,73.6915,386.5745,291.5486,Not Exceed
1.8,0.05,267.3212,555.9687,76.4844,390.5212,293.3544,Not Exceed
1.8,0.05,268.3253,554.9073,76.3219,392.2242,295.0341,Not Exceed
1.8,0.05,269.6695,553.6654,75.918,393.7693,296.5676,Not Exceed
1.8,0.05,271.2682,552.587,75.3348,394.8834,297.8767,Not Exceed
1.8,0.06,274.2799,570.2227,78.1273,399.0435,299.6517,Not Exceed
1.8,0.06,274.6056,569.2074,77.9604,400.5134,301.3243,Not Exceed
1.8,0.06,275.6355,568.0186,77.5576,402.0546,302.8654,Not Exceed
1.8,0.06,277.195,566.976,76.9768,403.1869,304.2006,Not Exceed
1.8,0.07,281.2423,584.4564,79.7689,408.8737,306.9953,Not Exceed
1.8,0.07,281.6061,583.4878,79.5977,409.6724,307.6997,Not Exceed
1.8,0.07,282.343,582.3526,79.1959,410.3433,309.1588,Not Exceed
1.8,0.07,283.5464,581.3461,78.6177,411.4849,310.5203,Not Exceed
1.8,0.08,288.1949,598.67,81.4091,418.6902,314.4154,Not Exceed
1.8,0.08,288.5972,597.7485,81.2338,419.4829,315.126,Not Exceed
1.8,0.08,289.34,596.6672,80.833,420.1635,315.764,Not Exceed
1.8,0.08,290.521,595.6973,80.2957,420.5519,316.8358,Not Exceed
1.9,0.01,257.0559,530.5075,73.2765,374.4944,281.0587,Not Exceed
1.9,0.01,259.4796,529.3427,73.1306,376.4742,282.9243,Not Exceed
1.9,0.01,261.654,527.7341,72.7036,378.1909,284.5616,Not Exceed
1.9,0.01,263.1454,526.0918,72.0812,379.3384,285.8678,Not Exceed
1.9,0.02,261.8255,542.573,74.9166,382.7933,287.3457,Not Exceed
1.9,0.02,264.2737,541.4546,74.7664,384.7504,289.2046,Not Exceed
1.9,0.02,266.4302,539.902,74.3405,386.4633,290.8494,Not Exceed
1.9,0.02,267.8666,538.2958,73.7207,387.6293,292.182,Not Exceed
1.9,0.03,267.0585,554.6292,76.5555,391.0859,293.6278,Not Exceed
1.9,0.03,269.0661,553.5573,76.4011,393.0205,295.4802,Not Exceed
1.9,0.03,271.2048,552.061,75.9762,394.73,297.133,Not Exceed
1.9,0.03,272.5864,550.4913,75.3589,395.9147,298.4921,Not Exceed
1.9,0.04,272.9778,566.6761,78.1931,399.3724,299.9053,Not Exceed
1.9,0.04,274.0364,565.6511,78.0345,401.2846,301.7512,Not Exceed
1.9,0.04,275.9779,564.2113,77.6106,402.991,303.4123,Not Exceed
1.9,0.04,277.3189,562.6783,76.9959,404.1946,304.7979,Not Exceed
1.9,0.05,278.8927,578.7136,79.8294,407.6523,306.1777,Not Exceed
1.9,0.05,279.9847,577.7358,79.6666,409.5428,308.0176,Not Exceed
1.9,0.05,281.4613,576.3527,79.2438,411.2464,309.6871,Not Exceed
1.9,0.05,283.2247,574.8567,78.6317,412.4691,311.0995,Not Exceed
1.9,0.06,284.8028,591.5924,81.4644,415.9258,312.4452,Not Exceed
1.9,0.06,285.9285,590.579,81.2975,417.7948,314.2794,Not Exceed
1.9,0.06,287.401,589.3647,80.8758,419.496,315.9576,Not Exceed
1.9,0.06,289.1265,588.3239,80.2663,420.7381,317.397,Not Exceed
1.9,0.07,291.3772,605.7178,83.0981,424.193,318.7078,Not Exceed
1.9,0.07,291.8679,604.753,82.9271,426.0409,320.5367,Not Exceed
1.9,0.07,293.3366,603.5939,82.5065,427.74,322.2238,Not Exceed
1.9,0.07,295.0244,602.591,81.8997,429.0016,323.6903,Not Exceed
1.9,0.08,298.2763,619.823,84.7305,433.6589,325.5882,Not Exceed
1.9,0.08,298.7367,618.9073,84.5555,434.6195,326.7893,Not Exceed
1.9,0.08,299.5959,617.8038,84.136,435.9782,328.4855,Not Exceed
1.9,0.08,300.9465,616.8392,83.5319,437.2597,329.9794,Not Exceed
2.0,0.01,269.5056,554.534,76.6096,391.5655,293.8364,Not Exceed
2.0,0.01,272.0869,553.3571,76.4635,393.7333,295.8625,Not Exceed
2.0,0.01,274.4153,551.7012,76.0175,395.6086,297.6355,Not Exceed
2.0,0.01,276.0282,550.0208,75.3662,396.8647,299.0451,Not Exceed
2.0,0.02,274.2627,566.5419,78.2419,399.8255,300.0935,Not Exceed
2.0,0.02,276.8689,565.4126,78.0917,401.9723,302.1143,Not Exceed
2.0,0.02,279.1801,563.8139,77.6468,403.8454,303.8963,Not Exceed
2.0,0.02,280.7388,562.1711,76.9982,405.1211,305.3328,Not Exceed
2.0,0.03,279.018,578.5405,79.8729,408.0791,306.3458,Not Exceed
2.0,0.03,281.6493,577.4591,79.7186,410.2053,308.3614,Not Exceed
2.0,0.03,283.9434,575.9178,79.2749,412.0766,310.1526,Not Exceed
2.0,0.03,285.4479,574.3127,78.6289,413.3721,311.6164,Not Exceed
2.0,0.04,284.4205,590.5296,81.5026,416.3265,312.5932,Not Exceed
2.0,0.04,286.4281,589.4965,81.3443,418.4322,314.604,Not Exceed
2.0,0.04,288.7051,588.0129,80.9017,420.3021,316.4045,Not Exceed
2.0,0.04,290.1556,586.4457,80.2585,421.6175,317.8958,Not Exceed
2.0,0.05,290.307,602.5095,83.1311,424.5676,318.8358,Not Exceed
2.0,0.05,291.4903,601.5249,82.9688,426.6532,320.842,Not Exceed
2.0,0.05,293.4652,600.0992,82.5274,428.5218,322.6521,Not Exceed
2.0,0.05,295.0384,598.5702,81.8868,429.8576,324.1711,Not Exceed
2.0,0.06,296.1888,614.4799,84.7582,432.8022,325.0735,Not Exceed
2.0,0.06,297.4068,613.5442,84.592,434.8682,327.0754,Not Exceed
2.0,0.06,299.0182,612.1767,84.1518,436.7359,328.8954,Not Exceed
2.0,0.06,300.9153,610.6862,83.514,438.0921,330.4421,Not Exceed
2.0,0.07,302.0661,626.4738,86.3841,441.0305,331.3064,Not Exceed
2.0,0.07,303.3189,625.5545,86.2139,443.0773,333.3042,Not Exceed
2.0,0.07,304.9275,624.3395,85.7749,444.9443,335.1342,Not Exceed
2.0,0.07,306.7883,623.346,85.1399,446.3212,336.709,Not Exceed
2.0,0.08,308.1089,640.4711,88.0087,449.2525,337.5344,Not Exceed
2.0,0.08,309.2266,639.5662,87.8347,451.2804,339.5285,Not Exceed
2.0,0.08,310.8327,638.4447,87.3968,453.147,341.3687,Not Exceed
2.0,0.08,312.6573,637.4915,86.7646,454.5448,342.9717,Not Exceed
2.1,0.01,281.8719,578.2415,79.8994,408.4209,306.4491,Not Exceed
2.1,0.01,284.6135,577.057,79.7539,410.7844,308.6415,Not Exceed
2.1,0.01,287.0991,575.3576,79.2892,412.8248,310.5553,Not Exceed
2.1,0.01,288.8377,573.6438,78.6094,414.194,312.0712,Not Exceed
2.1,0.02,286.6163,590.1919,81.5239,416.6422,312.6765,Not Exceed
2.1,0.02,289.3836,589.0564,81.3744,418.9863,314.8648,Not Exceed
2.1,0.02,291.8527,587.4152,80.9109,421.0261,316.7887,Not Exceed
2.1,0.02,293.5377,585.74,80.2339,422.416,318.3326,Not Exceed
2.1,0.03,291.3589,602.133,83.1471,424.8572,318.8991,Not Exceed
2.1,0.03,294.152,601.0466,82.9937,427.1823,321.0836,Not Exceed
2.1,0.03,296.6047,599.4639,82.5314,429.2218,323.0178,Not Exceed
2.1,0.03,298.2362,597.8278,81.8572,430.6325,324.5898,Not Exceed
2.1,0.04,296.0997,614.0646,84.7691,433.0657,325.1168,Not Exceed
2.1,0.04,298.9187,613.0278,84.6117,435.3722,327.2979,Not Exceed
2.1,0.04,301.3551,611.5039,84.1507,437.4117,329.2424,Not Exceed
2.1,0.04,302.9333,609.907,83.4792,438.8436,330.8428,Not Exceed
2.1,0.05,301.5645,625.9869,86.3897,441.2676,331.3296,Not Exceed
2.1,0.05,303.6838,625.0,86.2285,443.5562,333.5076,Not Exceed
2.1,0.05,306.1039,623.5351,85.7687,445.596,335.4628,Not Exceed
2.1,0.05,307.6289,621.9776,85.1001,447.0492,337.0917,Not Exceed
2.1,0.06,307.4181,637.8999,88.009,449.4634,337.5376,Not Exceed
2.1,0.06,308.7319,636.9632,87.8441,451.7343,339.7127,Not Exceed
2.1,0.06,310.8512,635.5574,87.3855,453.7745,341.6789,Not Exceed
2.1,0.06,312.5618,634.0397,86.7198,455.2494,343.3365,Not Exceed
2.1,0.07,313.2671,649.8035,89.6271,457.6527,343.7408,Not Exceed
2.1,0.07,314.6166,648.9173,89.4584,459.9062,345.9132,Not Exceed
2.1,0.07,316.3701,647.571,89.0011,461.9474,347.8906,Not Exceed
2.1,0.07,318.4099,646.0932,88.3382,463.4441,349.5769,Not Exceed
2.1,0.08,319.1114,661.6977,91.2439,465.8357,349.939,Not Exceed
2.1,0.08,320.4958,660.8623,91.0715,468.072,352.1093,Not Exceed
2.1,0.08,322.2491,659.5757,90.6155,470.1145,354.0979,Not Exceed
2.1,0.08,446.3251,935.4338,121.6078,653.183,496.2979,Exceed
2.2,0.01,294.1542,601.6308,83.1463,425.0618,318.8977,Not Exceed
2.2,0.01,297.0563,600.443,83.0019,427.628,321.2619,Not Exceed
2.2,0.01,299.706,598.7034,82.5187,429.8398,323.3208,Not Exceed
2.2,0.01,301.5741,596.9606,81.8107,431.3266,324.9465,Not Exceed
2.2,0.02,298.886,613.5237,84.763,433.244,325.0954,Not Exceed
2.2,0.02,301.8144,612.3862,84.6148,435.793,327.457,Not Exceed
2.2,0.02,304.4482,610.706,84.1329,438.0057,329.527,Not Exceed
2.2,0.02,306.2635,609.0031,83.4278,439.5142,331.1815,Not Exceed
2.2,0.03,303.616,625.4072,86.3783,441.42,331.2882,Not Exceed
2.2,0.03,306.5708,624.3203,86.2264,443.952,333.6476,Not Exceed
2.2,0.03,309.1889,622.6997,85.7458,446.1658,335.7289,Not Exceed
2.2,0.03,310.9506,621.0372,85.0437,447.6974,337.4131,Not Exceed
2.2,0.04,308.3444,637.2814,87.9924,449.5897,337.4761,Not Exceed
2.2,0.04,311.3255,636.2455,87.8368,452.1048,339.8335,Not Exceed
2.2,0.04,313.928,634.6846,87.3575,454.3202,341.9265,Not Exceed
2.2,0.04,315.637,633.0626,86.6584,455.8741,343.6398,Not Exceed
2.2,0.05,313.0709,649.1462,89.6053,457.7529,343.659,Not Exceed
2.2,0.05,316.0786,648.1615,89.446,460.2517,346.0148,Not Exceed
2.2,0.05,318.6655,646.6607,88.968,462.4689,348.1197,Not Exceed
2.2,0.05,320.322,645.0794,88.2718,464.0453,349.8623,Not Exceed
2.2,0.06,318.4907,661.0017,91.2168,465.9097,349.8372,Not Exceed
2.2,0.06,320.83,660.0685,91.0538,468.3927,352.1916,Not Exceed
2.2,0.06,323.4015,658.6281,90.5773,470.6121,354.3086,Not Exceed
2.2,0.06,325.0055,657.0877,89.884,472.2112,356.0806,Not Exceed
2.2,0.07,324.3115,672.848,92.8271,474.0603,356.0106,Not Exceed
2.2,0.07,325.7601,671.9665,92.6605,476.5276,358.3638,Exceed
2.2,0.07,328.1359,670.5867,92.1853,478.7495,360.4931,Exceed
2.2,0.07,329.8891,669.0875,91.495,480.3715,362.2948,Exceed
2.2,0.08,330.1276,684.6848,94.436,482.2045,362.1791,Exceed
2.2,0.08,331.6132,683.8554,94.2659,484.6565,364.5314,Exceed
2.2,0.08,446.9861,940.4246,122.5478,652.766,497.2226,Exceed
2.2,0.08,455.0145,952.5563,123.9233,663.47,505.7451,Exceed
2.3,0.01,306.3529,624.7025,86.3502,441.4877,331.1818,Not Exceed
2.3,0.01,309.4213,623.5158,86.2076,444.2646,333.724,Not Exceed
2.3,0.01,312.2358,621.7394,85.7062,446.6539,335.9324,Not Exceed
2.3,0.01,314.2365,619.9722,84.9705,448.2638,337.6718,Not Exceed
2.3,0.02,311.0721,636.538,87.959,449.6313,337.3498,Not Exceed
2.3,0.02,314.1674,635.4028,87.8128,452.3926,339.8908,Not Exceed
2.3,0.02,316.9668,633.6869,87.3128,454.7843,342.1115,Not Exceed
2.3,0.02,318.9153,631.9609,86.5801,456.4171,343.8806,Not Exceed
2.3,0.03,315.7894,648.364,89.5666,457.7683,343.5129,Not Exceed
2.3,0.03,318.9118,647.2809,89.4168,460.5145,346.053,Not Exceed
2.3,0.03,321.6961,645.6257,88.9182,462.909,348.2863,Not Exceed
2.3,0.03,323.5926,643.9411,88.1885,464.5649,350.0851,Not Exceed
2.3,0.04,320.5051,660.1808,91.1729,465.8991,349.6711,Not Exceed
2.3,0.04,323.6545,659.1499,91.0195,468.6305,352.2106,Not Exceed
2.3,0.04,326.4239,657.5557,90.5224,471.028,354.4568,Not Exceed
2.3,0.04,328.2684,655.9127,89.7956,472.7073,356.2855,Not Exceed
2.3,0.05,325.2189,671.9882,92.7779,474.0235,355.8244,Not Exceed
2.3,0.05,328.3955,671.0099,92.621,476.7403,358.3637,Exceed
2.3,0.05,331.1501,669.4768,92.1253,479.1413,360.6228,Exceed
2.3,0.05,332.9428,667.8758,91.4016,480.8442,362.4816,Exceed
2.3,0.06,329.9311,683.7863,94.3816,482.1416,361.973,Exceed
2.3,0.06,333.1349,682.8609,94.2213,484.8442,364.5122,Exceed
2.3,0.06,335.8748,681.3892,93.727,487.249,366.7846,Exceed
2.3,0.06,337.6157,679.8304,93.0063,488.9757,368.6736,Exceed
2.3,0.07,335.1997,695.5756,95.9843,490.2551,368.118,Exceed
2.3,0.07,337.8726,694.7028,95.8203,492.9422,370.6561,Exceed
2.3,0.07,340.5979,693.2928,95.3274,495.3509,372.942,Exceed
2.3,0.07,342.2872,691.7764,94.6099,497.1017,374.8615,Exceed
2.3,0.08,340.9876,707.355,97.5855,498.3605,374.2568,Exceed
2.3,0.08,435.6286,917.1872,120.1978,634.0753,482.613,Exceed
2.3,0.08,487.2473,1024.0756,133.6073,711.7346,541.7766,Exceed
2.3,0.08,466.7563,975.5487,127.079,680.0509,518.1735,Exceed
2.4,0.01,318.5137,647.4937,89.5114,457.7013,343.3037,Not Exceed
2.4,0.01,322.3119,646.2755,89.371,460.6943,346.0279,Not Exceed
2.4,0.01,324.6887,644.8625,88.8518,463.2675,348.3906,Not Exceed
2.4,0.01,326.8266,644.2916,88.0885,465.0039,350.246,Not Exceed
2.4,0.02,323.1741,659.2355,91.1124,465.806,349.442,Not Exceed
2.4,0.02,326.4397,658.1066,90.9686,468.7853,352.1664,Not Exceed
2.4,0.02,329.4083,656.3585,90.4508,471.3625,354.5426,Not Exceed
2.4,0.02,331.4948,654.6136,89.6906,473.1229,356.4284,Not Exceed
2.4,0.03,327.8789,671.0042,92.7122,473.9045,355.5754,Not Exceed
2.4,0.03,331.1721,669.9287,92.5649,476.8702,358.3003,Exceed
2.4,0.03,334.1264,668.2423,92.0486,479.4517,360.6902,Exceed
2.4,0.03,336.1614,666.5401,91.2915,481.2363,362.6067,Exceed
2.4,0.04,332.582,682.7636,94.3107,481.9965,361.704,Exceed
2.4,0.04,335.9028,681.7418,94.16,484.9494,364.4297,Exceed
2.4,0.04,338.8429,680.1174,93.6452,487.5353,366.8335,Exceed
2.4,0.04,340.8267,678.4581,92.8912,489.3445,368.7807,Exceed
2.4,0.05,337.2833,694.5137,95.9079,490.0822,367.8277,Exceed
2.4,0.05,340.6319,693.5458,95.7539,493.0224,370.5545,Exceed
2.4,0.05,343.5579,691.9836,95.2405,495.6132,372.9724,Exceed
2.4,0.05,345.4905,690.3675,94.4898,497.4471,374.9507,Exceed
2.4,0.06,341.9828,706.2544,97.5038,498.1615,373.9465,Exceed
2.4,0.06,345.3593,705.3407,97.3465,501.0895,376.6747,Exceed
2.4,0.06,348.2712,703.841,96.8347,503.6854,379.107,Exceed
2.4,0.06,350.1528,702.2683,96.0871,505.5443,381.1164,Exceed
2.4,0.07,346.6806,717.9859,99.0985,506.2346,380.0604,Exceed
2.4,0.07,350.085,717.1266,98.9378,509.1506,382.7903,Exceed
2.4,0.07,352.983,715.6897,98.4276,511.752,385.2373,Exceed
2.4,0.07,382.3387,796.8067,104.0717,554.433,423.2943,Exceed
2.4,0.08,385.6368,815.3621,107.1077,560.4983,426.9873,Exceed
2.4,0.08,500.2879,1054.1304,137.9922,729.9127,555.0312,Exceed
2.4,0.08,490.8222,1026.631,134.5276,715.079,543.5099,Exceed
2.4,0.08,487.6582,1015.7703,132.8296,710.0988,539.8588,Exceed
2.5,0.01,331.2306,671.9301,92.6295,473.6991,355.2605,Not Exceed
2.5,0.01,335.2144,670.5245,92.4922,476.9177,358.1738,Exceed
2.5,0.01,337.0646,669.2744,91.9554,479.6808,360.6953,Exceed
2.5,0.01,339.3437,668.7242,91.1648,481.548,362.6699,Exceed
2.5,0.02,335.193,681.6158,94.2228,481.7651,361.369,Exceed
2.5,0.02,338.721,680.4982,94.0822,484.9718,364.2841,Exceed
2.5,0.02,341.7729,678.8881,93.5469,487.7404,366.8202,Exceed
2.5,0.02,344.0012,678.383,92.7595,489.6328,368.8261,Exceed
2.5,0.03,339.8851,693.3273,95.8148,489.8247,367.4728,Exceed
2.5,0.03,343.3518,692.2643,95.6709,493.0199,370.3898,Exceed
2.5,0.03,346.4797,690.5501,95.1371,495.7942,372.9407,Exceed
2.5,0.03,348.6574,688.8346,94.353,497.712,374.9781,Exceed
2.5,0.04,344.5757,705.0294,97.4055,497.878,373.5718,Exceed
2.5,0.04,348.0706,704.0214,97.2583,501.0621,376.4909,Exceed
2.5,0.04,351.1849,702.3703,96.7262,503.8424,379.0569,Exceed
2.5,0.04,353.312,700.6989,95.9453,505.7858,381.1259,Exceed
2.5,0.05,349.2644,716.7223,98.9949,505.9251,379.6659,Exceed
2.5,0.05,352.7876,715.7695,98.8446,509.0983,382.5875,Exceed
2.5,0.05,355.8886,714.1816,98.314,511.8849,385.1687,Exceed
2.5,0.05,357.9651,712.5547,97.5363,513.8542,387.2695,Exceed
2.5,0.06,353.9513,728.4059,100.5831,513.9656,385.7552,Exceed
2.5,0.06,357.5031,727.5085,100.4295,517.1285,388.6795,Exceed
2.5,0.06,360.5907,725.9842,99.9006,519.9218,391.2762,Exceed
2.5,0.06,362.6168,724.4019,99.1262,521.9171,393.4088,Exceed
2.5,0.07,358.6365,740.0801,102.17,522.0,391.8396,Exceed
2.5,0.07,362.2168,739.2385,102.0133,525.1527,394.7669,Exceed
2.5,0.07,372.8666,778.8051,102.1758,540.5957,411.9824,Exceed
2.5,0.07,511.7412,1064.1875,139.3602,744.0487,566.144,Exceed
2.5,0.08,518.1341,1091.592,143.8659,751.027,571.6572,Exceed
2.5,0.08,526.5828,1109.4661,145.4171,767.8537,584.223,Exceed
2.5,0.08,523.0133,1094.5305,143.3726,759.9785,579.1528,Exceed
2.5,0.08,524.2668,1090.9421,142.7549,759.3916,579.5402,Exceed
2.6,0.01,343.9133,696.1965,95.8976,489.4833,367.0541,Exceed
2.6,0.01,348.0851,694.7845,95.5713,492.9351,370.1622,Exceed
2.6,0.01,349.3637,693.5229,95.0171,495.8941,372.8468,Exceed
2.6,0.01,351.7878,692.9969,94.1996,497.8966,375.7218,Exceed
2.6,0.02,347.4049,705.6664,97.2904,497.5105,373.133,Exceed
2.6,0.02,351.5878,704.3081,97.1536,500.9524,376.2442,Exceed
2.6,0.02,354.0607,703.1126,96.601,503.9183,378.9446,Exceed
2.6,0.02,356.4347,702.6324,95.7869,505.9471,381.0738,Exceed
2.6,0.03,351.808,715.3346,98.8746,505.5316,379.2073,Exceed
2.6,0.03,355.4511,714.2883,98.7347,508.9636,382.3217,Exceed
2.6,0.03,358.7562,712.699,98.1838,511.9368,385.0381,Exceed
2.6,0.03,361.0801,712.2648,97.3729,513.9921,387.1994,Exceed
2.6,0.04,356.4859,726.9796,100.4576,513.5462,385.2766,Exceed
2.6,0.04,360.1579,725.9895,100.3146,516.969,388.3946,Exceed
2.6,0.04,363.4499,724.3148,99.7653,519.9496,391.1272,Exceed
2.6,0.04,365.7241,722.6356,98.9578,522.0317,393.321,Exceed
2.6,0.05,361.162,738.6154,102.0393,521.5547,391.3412,Exceed
2.6,0.05,364.863,737.6817,101.8932,524.9683,394.463,Exceed
2.6,0.05,368.1423,736.0713,101.3455,527.9568,397.212,Exceed
2.6,0.05,370.3667,734.4378,100.5414,530.0658,399.4383,Exceed
2.6,0.06,365.8364,750.2418,103.6197,529.5568,397.401,Exceed
2.6,0.06,369.5664,749.3648,103.4705,532.9617,400.5268,Exceed
2.6,0.06,372.8331,747.8191,102.9246,535.9583,403.2924,Exceed
2.6,0.06,375.0078,746.2314,102.1239,538.0945,405.5515,Exceed
2.6,0.07,370.509,761.859,105.1989,537.5523,403.456,Exceed
2.6,0.07,374.2682,761.3445,105.0466,540.9491,406.586,Exceed
2.6,0.07,542.0528,1133.2603,148.5624,787.2248,599.9826,Exceed
2.6,0.07,539.7567,1121.1378,146.9671,781.0824,595.7073,Exceed
2.6,0.08,542.4338,1144.5338,150.6688,787.1379,599.34,Exceed
2.6,0.08,543.4521,1142.8948,149.9976,791.2156,601.9527,Exceed
2.6,0.08,524.3131,1095.1967,143.7163,760.5347,579.6249,Exceed
2.6,0.08,544.7157,1131.2302,148.3182,787.2334,600.9994,Exceed
2.7,0.01,356.562,720.293,99.2253,505.0542,378.6849,Exceed
2.7,0.01,360.9238,718.8783,98.6083,508.7466,381.993,Exceed
2.7,0.01,362.1041,717.6088,98.0371,511.9085,385.3431,Exceed
2.7,0.01,364.1588,717.1098,97.1929,514.2291,388.9284,Exceed
2.7,0.02,360.0493,729.7373,100.5026,513.043,384.7344,Exceed
2.7,0.02,364.4226,728.3772,100.183,516.7271,388.0469,Exceed
2.7,0.02,366.2704,727.1745,99.6136,519.8974,390.9168,Exceed
2.7,0.02,368.7951,726.7221,98.7728,522.0661,393.8285,Exceed
2.7,0.03,363.6474,739.178,101.8919,521.0255,390.7791,Exceed
2.7,0.03,367.921,737.8727,101.7565,524.7015,394.0962,Exceed
2.7,0.03,370.9546,736.7368,101.1888,527.8806,396.9831,Exceed
2.7,0.03,373.43,736.3312,100.3514,530.0769,399.2709,Exceed
2.7,0.04,368.3127,748.6151,103.4671,529.0016,396.8191,Exceed
2.7,0.04,372.1647,747.6463,103.3287,532.6701,400.141,Exceed
2.7,0.04,375.6372,746.2959,102.7627,535.8581,403.0452,Exceed
2.7,0.04,378.0634,745.9372,101.9288,538.0822,405.3662,Exceed
2.7,0.05,372.9763,760.1933,105.041,536.9713,402.8542,Exceed
2.7,0.05,376.8579,759.2826,104.8997,540.6327,406.1812,Exceed
2.7,0.05,380.3183,757.6532,104.3355,543.83,409.103,Exceed
2.7,0.05,382.6953,756.0173,103.5051,546.0822,411.4573,Exceed
2.7,0.06,377.6381,771.7626,106.6137,544.9348,408.8844,Exceed
2.7,0.06,381.5494,770.91,106.4694,548.5893,412.2169,Exceed
2.7,0.06,384.9978,769.3462,105.907,551.7963,415.1564,Exceed
2.7,0.06,425.4499,883.0919,115.7043,615.534,469.7553,Exceed
2.7,0.07,382.2981,783.3227,108.1851,552.8918,414.9097,Exceed
2.7,0.07,550.7819,1153.863,151.9978,796.5549,607.649,Exceed
2.7,0.07,562.46,1174.7601,154.0969,817.6522,622.4112,Exceed
2.7,0.07,538.2037,1115.7173,146.5417,780.1691,593.7393,Exceed
2.7,0.08,551.4533,1158.1485,153.1426,797.1888,606.6374,Exceed
2.7,0.08,556.5822,1163.2235,153.5314,806.055,612.8591,Exceed
2.7,0.08,544.0919,1135.567,149.1388,789.6846,601.3226,Exceed
2.7,0.08,547.771,1134.6226,149.1881,793.7187,603.7825,Exceed
2.8,0.01,369.1765,744.2197,102.53,520.4426,390.3983,Exceed
2.8,0.01,373.7306,742.8061,101.7413,524.3528,394.3817,Exceed
2.8,0.01,374.9888,741.5308,101.0153,528.0985,398.3047,Exceed
2.8,0.01,376.4569,741.0629,100.1448,531.6118,402.0572,Exceed
2.8,0.02,372.6596,753.6383,103.8037,528.3629,396.1736,Exceed
2.8,0.02,377.2255,752.2802,103.1704,532.2965,399.6925,Exceed
2.8,0.02,378.4537,751.0725,102.5842,535.6763,403.1732,Exceed
2.8,0.02,381.0826,750.652,101.7172,538.01,406.9461,Exceed
2.8,0.03,376.1422,763.0534,105.077,536.3067,402.1888,Exceed
2.8,0.03,380.7199,761.751,104.7363,540.2342,405.7137,Exceed
2.8,0.03,383.0774,760.6109,104.1519,543.6242,408.7749,Exceed
2.8,0.03,385.7068,760.2379,103.2884,545.9665,411.8335,Exceed
2.8,0.04,380.0563,772.4649,106.434,544.2442,408.1992,Exceed
2.8,0.04,384.2139,771.2183,106.3009,548.166,411.7304,Exceed
2.8,0.04,387.7488,770.146,105.7183,551.5665,414.8099,Exceed
2.8,0.04,390.3297,769.8207,104.8585,553.9377,417.2618,Exceed
2.8,0.05,384.7073,781.8728,108.0002,552.1754,414.2047,Exceed
2.8,0.05,388.7724,780.6822,107.8643,556.0919,417.7424,Exceed
2.8,0.05,392.4186,779.6777,107.2836,559.5032,420.8407,Exceed
2.8,0.05,394.9511,779.4004,106.4273,561.9034,423.3267,Exceed
2.8,0.06,389.3565,792.9689,109.5651,560.1003,420.2054,Exceed
2.8,0.06,393.4519,792.1448,109.4264,564.0118,423.75,Exceed
2.8,0.06,434.0784,902.5168,118.9081,625.9399,477.703,Exceed
2.8,0.06,569.8509,1180.8837,155.0409,822.2539,628.0912,Exceed
2.8,0.07,519.7283,1093.7795,144.3964,752.1341,572.9529,Exceed
2.8,0.07,569.6031,1191.1638,157.1749,822.0668,627.3262,Exceed
2.8,0.07,571.8208,1193.2633,156.7096,830.2885,632.2648,Exceed
2.8,0.07,551.8319,1143.9406,150.1129,797.8424,608.5434,Exceed
2.8,0.08,576.5061,1211.5864,160.144,832.7086,634.6146,Exceed
2.8,0.08,586.6834,1224.9968,161.8263,848.8036,645.4833,Exceed
2.8,0.08,548.9631,1143.7178,150.4665,795.7435,605.8168,Exceed
2.8,0.08,538.369,1113.7181,146.4871,777.1142,592.3001,Exceed
2.9,0.01,381.757,767.9767,105.8117,537.1266,402.8832,Exceed
2.9,0.01,386.5056,766.5678,105.0008,541.056,407.0726,Exceed
2.9,0.01,387.844,765.2897,103.9519,545.2071,411.1863,Exceed
2.9,0.01,388.682,764.8563,103.0553,548.8935,415.1083,Exceed
2.9,0.02,385.2359,777.3697,107.0819,543.5373,407.7534,Exceed
2.9,0.02,389.9966,776.0172,106.2677,547.6609,411.9284,Exceed
2.9,0.02,391.3053,774.8074,105.5132,551.5764,416.043,Exceed
2.9,0.02,393.2972,774.4223,104.6203,555.277,419.986,Exceed
2.9,0.03,388.7143,786.7593,108.3517,551.3758,413.4359,Exceed
2.9,0.03,393.4871,785.4632,107.6742,555.562,417.1744,Exceed
2.9,0.03,395.1235,784.3218,107.0734,559.1688,420.8981,Exceed
2.9,0.03,397.9109,783.9851,106.1841,561.6613,424.8621,Exceed
2.9,0.04,392.1921,796.1452,109.6209,559.2748,419.4168,Exceed
2.9,0.04,396.9772,794.9058,109.2313,563.4571,423.1629,Exceed
2.9,0.04,399.7836,793.8329,108.6323,567.0759,426.4223,Exceed
2.9,0.04,402.5231,793.5447,107.7467,569.5984,429.7367,Exceed
2.9,0.05,396.3551,805.5276,110.9169,567.1675,425.3929,Exceed
2.9,0.05,400.6065,804.345,110.7871,571.3462,429.1469,Exceed
2.9,0.05,404.4421,803.3407,110.19,574.9773,432.426,Exceed
2.9,0.05,407.1339,803.1011,109.3081,577.53,435.0469,Exceed
2.9,0.06,400.9919,814.9064,112.4741,575.0538,431.3642,Exceed
2.9,0.06,412.2419,862.3252,113.8004,596.0799,454.5079,Exceed
2.9,0.06,599.8508,1249.721,164.3074,869.5056,662.3281,Exceed
2.9,0.06,583.9958,1208.1046,158.8978,840.3349,642.4139,Exceed
2.9,0.07,590.9709,1240.7632,164.1631,852.7448,649.9435,Exceed
2.9,0.07,592.9013,1238.8917,163.619,855.4493,652.5833,Exceed
2.9,0.07,595.115,1238.9311,163.069,861.1143,656.3269,Exceed
2.9,0.07,580.2911,1200.7341,157.8542,837.0589,638.7337,Exceed
2.9,0.08,569.6744,1197.1971,158.2903,823.7013,627.118,Exceed
2.9,0.08,599.9388,1255.7312,165.5756,869.55,661.6839,Exceed
2.9,0.08,607.6229,1260.8921,166.4956,874.1192,667.1511,Exceed
2.9,0.08,587.6164,1214.2006,159.8958,847.0694,645.8434,Exceed
3.0,0.01,394.3034,791.5643,109.0705,553.6967,415.2807,Exceed
3.0,0.01,399.2487,790.1636,108.2377,557.8476,419.6802,Exceed
3.0,0.01,400.6697,788.8856,107.0803,562.2115,423.9879,Exceed
3.0,0.01,400.8344,789.5862,105.9468,566.0741,428.0818,Exceed
3.0,0.02,397.778,800.9318,110.3372,560.0902,420.1377,Exceed
3.0,0.02,402.7357,799.5884,109.5012,564.2113,424.5235,Exceed
3.0,0.02,404.1274,798.3793,108.4006,568.5655,428.8329,Exceed
3.0,0.02,405.4389,798.0331,107.4821,572.4429,432.9483,Exceed
3.0,0.03,401.2522,810.2958,111.6035,566.4814,424.9929,Exceed
3.0,0.03,406.2223,809.0097,110.7641,570.6851,429.3652,Exceed
3.0,0.03,407.5847,807.8697,109.9533,574.9174,433.6762,Exceed
3.0,0.03,410.0421,807.5727,109.0385,578.8097,437.8132,Exceed
3.0,0.04,404.7258,819.6562,112.8692,574.0934,430.4727,Exceed
3.0,0.04,409.7085,818.4276,112.1198,578.5435,434.439,Exceed
3.0,0.04,411.7417,817.3569,111.5047,582.3866,438.518,Exceed
3.0,0.04,414.6437,817.1091,110.5937,585.1745,442.6766,Exceed
3.0,0.05,408.1989,829.013,114.1345,581.9479,436.4194,Exceed
3.0,0.05,413.1942,827.842,113.668,586.396,440.3949,Exceed
3.0,0.05,416.389,826.8407,113.0549,590.2528,443.8592,Exceed
3.0,0.05,616.0492,1272.0303,167.6225,886.7325,676.463,Exceed
3.0,0.06,412.5442,838.3662,115.3993,589.7959,442.3613,Exceed
3.0,0.06,615.2394,1286.0079,169.875,889.0525,677.8431,Exceed
3.0,0.06,607.9397,1262.7709,166.5089,879.3932,669.6344,Exceed
3.0,0.06,606.1498,1251.7497,164.988,875.7363,666.9536,Exceed
3.0,0.07,620.5359,1303.0057,172.3741,896.2839,682.5261,Exceed
3.0,0.07,585.2665,1220.3919,161.2672,843.6151,643.0581,Exceed
3.0,0.07,586.6597,1205.1865,160.5982,836.9596,638.3517,Exceed
3.0,0.07,589.8539,1217.9346,160.4763,848.4978,647.8173,Exceed
3.0,0.08,584.357,1227.3787,162.3191,845.3231,642.9573,Exceed
3.0,0.08,599.516,1252.0172,165.5261,866.3101,659.6998,Exceed
3.0,0.08,587.8192,1219.2009,161.0744,847.584,645.7573,Exceed
3.0,0.08,592.3252,1214.9891,161.7833,833.8886,642.9282,Exceed
3.1,0.01,406.8157,814.9826,112.3063,570.1532,427.5909,Exceed
3.1,0.01,411.9599,813.5937,111.452,574.5304,432.2045,Exceed
3.1,0.01,413.4658,812.3186,110.2586,579.1117,436.7095,Exceed
3.1,0.01,412.9139,814.7316,109.0911,583.1536,440.9778,Exceed
3.1,0.02,410.2861,824.3246,113.5695,576.5295,432.4348,Exceed
3.1,0.02,415.4431,822.9937,112.7121,580.8779,437.0354,Exceed
3.1,0.02,416.9199,821.7884,111.5222,585.4504,441.5428,Exceed
3.1,0.02,417.5079,821.9127,110.3611,589.5078,445.833,Exceed
3.1,0.03,413.756,833.663,114.8323,582.9034,437.2767,Exceed
3.1,0.03,418.9258,832.3904,113.9716,587.2231,441.8646,Exceed
3.1,0.03,420.3736,831.2548,112.7917,591.7869,446.3744,Exceed
3.1,0.03,422.1004,831.0008,111.8517,595.8599,450.6867,Exceed
3.1,0.04,417.2254,842.9978,116.0946,589.2748,442.1168,Exceed
3.1,0.04,422.408,841.7836,115.2307,593.5661,446.6921,Exceed
3.1,0.04,423.827,840.718,114.3356,598.1213,451.2044,Exceed
3.1,0.04,426.6916,840.5141,113.3995,602.2101,455.5388,Exceed
3.1,0.05,420.6943,852.329,117.3563,596.5172,447.2844,Exceed
3.1,0.05,425.8898,851.1734,116.5072,601.2415,451.5178,Exceed
3.1,0.05,616.1142,1280.2997,168.7617,890.5033,678.9086,Exceed
3.1,0.05,633.1907,1308.7417,171.9965,914.8178,697.3436,Exceed
3.1,0.06,596.2297,1246.7619,165.6609,855.9472,653.4075,Exceed
3.1,0.06,614.4105,1279.7204,169.5093,883.1733,674.2483,Exceed
3.1,0.06,605.5303,1254.6994,165.8537,869.4816,664.3406,Exceed
3.1,0.06,618.3713,1275.986,168.2232,888.1988,678.8103,Exceed
3.1,0.07,637.7322,1332.7119,177.1761,916.3854,698.4202,Exceed
3.1,0.07,621.2789,1296.9997,171.5174,897.1879,683.5719,Exceed
3.1,0.07,588.8494,1220.8919,161.1761,849.8344,647.2289,Exceed
3.1,0.07,612.7819,1257.2683,167.2721,863.6107,665.6312,Exceed
3.1,0.08,606.1724,1251.7395,168.2525,853.8406,656.2487,Exceed
3.1,0.08,583.8047,1215.2174,161.1063,840.3601,640.1822,Exceed
3.1,0.08,638.6547,1322.0042,174.9974,917.7305,699.9874,Exceed
3.1,0.08,590.6087,1214.6034,160.8577,850.07,646.8672,Exceed
